{
  "ABIRoot": {
    "kind": "Root",
    "name": "TopLevel",
    "printedName": "TopLevel",
    "children": [
      {
        "kind": "Import",
        "name": "UIKit",
        "printedName": "UIKit",
        "declKind": "Import",
        "moduleName": "TiSuperwallTambitsoftwareCom",
        "declAttributes": [
          "RawDocComment"
        ]
      },
      {
        "kind": "Import",
        "name": "TitaniumKit",
        "printedName": "TitaniumKit",
        "declKind": "Import",
        "moduleName": "TiSuperwallTambitsoftwareCom"
      },
      {
        "kind": "Import",
        "name": "UIKit",
        "printedName": "UIKit",
        "declKind": "Import",
        "moduleName": "TiSuperwallTambitsoftwareCom",
        "declAttributes": [
          "RawDocComment"
        ]
      },
      {
        "kind": "Import",
        "name": "TitaniumKit",
        "printedName": "TitaniumKit",
        "declKind": "Import",
        "moduleName": "TiSuperwallTambitsoftwareCom"
      },
      {
        "kind": "Import",
        "name": "SuperwallKit",
        "printedName": "SuperwallKit",
        "declKind": "Import",
        "moduleName": "TiSuperwallTambitsoftwareCom"
      },
      {
        "kind": "Import",
        "name": "Combine",
        "printedName": "Combine",
        "declKind": "Import",
        "moduleName": "TiSuperwallTambitsoftwareCom"
      }
    ],
    "json_format_version": 8
  },
  "ConstValues": [
    {
      "filePath": "\/Volumes\/SharedVolume\/Projects\/tambitsoftware\/clients\/wall\/ti.superwall\/ios\/Classes\/TiSuperwallTambitsoftwareComExampleProxy.swift",
      "kind": "StringLiteral",
      "offset": 701,
      "length": 4,
      "value": "\"42\""
    },
    {
      "filePath": "\/Volumes\/SharedVolume\/Projects\/tambitsoftware\/clients\/wall\/ti.superwall\/ios\/Classes\/TiSuperwallTambitsoftwareComExampleProxy.swift",
      "kind": "StringLiteral",
      "offset": 954,
      "length": 13,
      "value": "\"Hello world\""
    },
    {
      "filePath": "\/Volumes\/SharedVolume\/Projects\/tambitsoftware\/clients\/wall\/ti.superwall\/ios\/Classes\/TiSuperwallTambitsoftwareComExampleProxy.swift",
      "kind": "Dictionary",
      "offset": 1218,
      "length": 18,
      "value": "[(\"hello\", \"world\")]"
    },
    {
      "filePath": "\/Volumes\/SharedVolume\/Projects\/tambitsoftware\/clients\/wall\/ti.superwall\/ios\/Classes\/TiSuperwallTambitsoftwareComExampleProxy.swift",
      "kind": "Array",
      "offset": 1459,
      "length": 18,
      "value": "[\"hello\", \"world\"]"
    },
    {
      "filePath": "\/Volumes\/SharedVolume\/Projects\/tambitsoftware\/clients\/wall\/ti.superwall\/ios\/Classes\/TiSuperwallTambitsoftwareComModule.swift",
      "kind": "StringLiteral",
      "offset": 1037,
      "length": 2,
      "value": "\"\""
    },
    {
      "filePath": "\/Volumes\/SharedVolume\/Projects\/tambitsoftware\/clients\/wall\/ti.superwall\/ios\/Classes\/TiSuperwallTambitsoftwareComModule.swift",
      "kind": "StringLiteral",
      "offset": 1078,
      "length": 2,
      "value": "\"\""
    },
    {
      "filePath": "\/Volumes\/SharedVolume\/Projects\/tambitsoftware\/clients\/wall\/ti.superwall\/ios\/Classes\/TiSuperwallTambitsoftwareComModule.swift",
      "kind": "StringLiteral",
      "offset": 1221,
      "length": 38,
      "value": "\"f1a0e73c-5792-445a-9a74-f009df3f3f16\""
    },
    {
      "filePath": "\/Volumes\/SharedVolume\/Projects\/tambitsoftware\/clients\/wall\/ti.superwall\/ios\/Classes\/TiSuperwallTambitsoftwareComModule.swift",
      "kind": "StringLiteral",
      "offset": 1313,
      "length": 33,
      "value": "\"ti.superwall.tambitsoftware.com\""
    },
    {
      "filePath": "\/Volumes\/SharedVolume\/Projects\/tambitsoftware\/clients\/wall\/ti.superwall\/ios\/Classes\/TiSuperwallTambitsoftwareComModule.swift",
      "kind": "StringLiteral",
      "offset": 1405,
      "length": 24,
      "value": "\"[DEBUG] \""
    },
    {
      "filePath": "\/Volumes\/SharedVolume\/Projects\/tambitsoftware\/clients\/wall\/ti.superwall\/ios\/Classes\/TiSuperwallTambitsoftwareComModule.swift",
      "kind": "StringLiteral",
      "offset": 1421,
      "length": 6,
      "value": "\" loaded\""
    },
    {
      "filePath": "\/Volumes\/SharedVolume\/Projects\/tambitsoftware\/clients\/wall\/ti.superwall\/ios\/Classes\/TiSuperwallTambitsoftwareComModule.swift",
      "kind": "StringLiteral",
      "offset": 1706,
      "length": 8,
      "value": "\"apikey\""
    },
    {
      "filePath": "\/Volumes\/SharedVolume\/Projects\/tambitsoftware\/clients\/wall\/ti.superwall\/ios\/Classes\/TiSuperwallTambitsoftwareComModule.swift",
      "kind": "BooleanLiteral",
      "offset": 1730,
      "length": 5,
      "value": "false"
    },
    {
      "filePath": "\/Volumes\/SharedVolume\/Projects\/tambitsoftware\/clients\/wall\/ti.superwall\/ios\/Classes\/TiSuperwallTambitsoftwareComModule.swift",
      "kind": "StringLiteral",
      "offset": 1939,
      "length": 8,
      "value": "\"userId\""
    },
    {
      "filePath": "\/Volumes\/SharedVolume\/Projects\/tambitsoftware\/clients\/wall\/ti.superwall\/ios\/Classes\/TiSuperwallTambitsoftwareComModule.swift",
      "kind": "BooleanLiteral",
      "offset": 1963,
      "length": 5,
      "value": "false"
    },
    {
      "filePath": "\/Volumes\/SharedVolume\/Projects\/tambitsoftware\/clients\/wall\/ti.superwall\/ios\/Classes\/TiSuperwallTambitsoftwareComModule.swift",
      "kind": "StringLiteral",
      "offset": 2224,
      "length": 25,
      "value": "\"updateUserAttributes...\""
    },
    {
      "filePath": "\/Volumes\/SharedVolume\/Projects\/tambitsoftware\/clients\/wall\/ti.superwall\/ios\/Classes\/TiSuperwallTambitsoftwareComModule.swift",
      "kind": "StringLiteral",
      "offset": 2259,
      "length": 25,
      "value": "\"arguments: \""
    },
    {
      "filePath": "\/Volumes\/SharedVolume\/Projects\/tambitsoftware\/clients\/wall\/ti.superwall\/ios\/Classes\/TiSuperwallTambitsoftwareComModule.swift",
      "kind": "StringLiteral",
      "offset": 2283,
      "length": 2,
      "value": "\"\""
    },
    {
      "filePath": "\/Volumes\/SharedVolume\/Projects\/tambitsoftware\/clients\/wall\/ti.superwall\/ios\/Classes\/TiSuperwallTambitsoftwareComModule.swift",
      "kind": "StringLiteral",
      "offset": 2365,
      "length": 19,
      "value": "\"params: \""
    },
    {
      "filePath": "\/Volumes\/SharedVolume\/Projects\/tambitsoftware\/clients\/wall\/ti.superwall\/ios\/Classes\/TiSuperwallTambitsoftwareComModule.swift",
      "kind": "StringLiteral",
      "offset": 2383,
      "length": 2,
      "value": "\"\""
    },
    {
      "filePath": "\/Volumes\/SharedVolume\/Projects\/tambitsoftware\/clients\/wall\/ti.superwall\/ios\/Classes\/TiSuperwallTambitsoftwareComModule.swift",
      "kind": "StringLiteral",
      "offset": 2426,
      "length": 30,
      "value": "\"key: \""
    },
    {
      "filePath": "\/Volumes\/SharedVolume\/Projects\/tambitsoftware\/clients\/wall\/ti.superwall\/ios\/Classes\/TiSuperwallTambitsoftwareComModule.swift",
      "kind": "StringLiteral",
      "offset": 2438,
      "length": 1,
      "value": "\", value: \""
    },
    {
      "filePath": "\/Volumes\/SharedVolume\/Projects\/tambitsoftware\/clients\/wall\/ti.superwall\/ios\/Classes\/TiSuperwallTambitsoftwareComModule.swift",
      "kind": "StringLiteral",
      "offset": 2455,
      "length": 2,
      "value": "\"\""
    },
    {
      "filePath": "\/Volumes\/SharedVolume\/Projects\/tambitsoftware\/clients\/wall\/ti.superwall\/ios\/Classes\/TiSuperwallTambitsoftwareComModule.swift",
      "kind": "StringLiteral",
      "offset": 2632,
      "length": 12,
      "value": "\"identifier\""
    },
    {
      "filePath": "\/Volumes\/SharedVolume\/Projects\/tambitsoftware\/clients\/wall\/ti.superwall\/ios\/Classes\/TiSuperwallTambitsoftwareComModule.swift",
      "kind": "StringLiteral",
      "offset": 2676,
      "length": 6,
      "value": "\"name\""
    },
    {
      "filePath": "\/Volumes\/SharedVolume\/Projects\/tambitsoftware\/clients\/wall\/ti.superwall\/ios\/Classes\/TiSuperwallTambitsoftwareComModule.swift",
      "kind": "StringLiteral",
      "offset": 2708,
      "length": 13,
      "value": "\"presentedBy\""
    },
    {
      "filePath": "\/Volumes\/SharedVolume\/Projects\/tambitsoftware\/clients\/wall\/ti.superwall\/ios\/Classes\/TiSuperwallTambitsoftwareComModule.swift",
      "kind": "StringLiteral",
      "offset": 2754,
      "length": 26,
      "value": "\"presentedByEventWithName\""
    },
    {
      "filePath": "\/Volumes\/SharedVolume\/Projects\/tambitsoftware\/clients\/wall\/ti.superwall\/ios\/Classes\/TiSuperwallTambitsoftwareComModule.swift",
      "kind": "StringLiteral",
      "offset": 2822,
      "length": 2,
      "value": "\"\""
    },
    {
      "filePath": "\/Volumes\/SharedVolume\/Projects\/tambitsoftware\/clients\/wall\/ti.superwall\/ios\/Classes\/TiSuperwallTambitsoftwareComModule.swift",
      "kind": "StringLiteral",
      "offset": 2832,
      "length": 22,
      "value": "\"isFreeTrialAvailable\""
    },
    {
      "filePath": "\/Volumes\/SharedVolume\/Projects\/tambitsoftware\/clients\/wall\/ti.superwall\/ios\/Classes\/TiSuperwallTambitsoftwareComModule.swift",
      "kind": "StringLiteral",
      "offset": 2896,
      "length": 12,
      "value": "\"productIds\""
    },
    {
      "filePath": "\/Volumes\/SharedVolume\/Projects\/tambitsoftware\/clients\/wall\/ti.superwall\/ios\/Classes\/TiSuperwallTambitsoftwareComModule.swift",
      "kind": "StringLiteral",
      "offset": 2940,
      "length": 20,
      "value": "\"presentedByEventAt\""
    },
    {
      "filePath": "\/Volumes\/SharedVolume\/Projects\/tambitsoftware\/clients\/wall\/ti.superwall\/ios\/Classes\/TiSuperwallTambitsoftwareComModule.swift",
      "kind": "StringLiteral",
      "offset": 2996,
      "length": 2,
      "value": "\"\""
    },
    {
      "filePath": "\/Volumes\/SharedVolume\/Projects\/tambitsoftware\/clients\/wall\/ti.superwall\/ios\/Classes\/TiSuperwallTambitsoftwareComModule.swift",
      "kind": "StringLiteral",
      "offset": 3006,
      "length": 24,
      "value": "\"presentedByEventWithId\""
    },
    {
      "filePath": "\/Volumes\/SharedVolume\/Projects\/tambitsoftware\/clients\/wall\/ti.superwall\/ios\/Classes\/TiSuperwallTambitsoftwareComModule.swift",
      "kind": "StringLiteral",
      "offset": 3070,
      "length": 2,
      "value": "\"\""
    },
    {
      "filePath": "\/Volumes\/SharedVolume\/Projects\/tambitsoftware\/clients\/wall\/ti.superwall\/ios\/Classes\/TiSuperwallTambitsoftwareComModule.swift",
      "kind": "StringLiteral",
      "offset": 3080,
      "length": 5,
      "value": "\"url\""
    },
    {
      "filePath": "\/Volumes\/SharedVolume\/Projects\/tambitsoftware\/clients\/wall\/ti.superwall\/ios\/Classes\/TiSuperwallTambitsoftwareComModule.swift",
      "kind": "StringLiteral",
      "offset": 3125,
      "length": 18,
      "value": "\"triggerSessionId\""
    },
    {
      "filePath": "\/Volumes\/SharedVolume\/Projects\/tambitsoftware\/clients\/wall\/ti.superwall\/ios\/Classes\/TiSuperwallTambitsoftwareComModule.swift",
      "kind": "StringLiteral",
      "offset": 3177,
      "length": 2,
      "value": "\"\""
    },
    {
      "filePath": "\/Volumes\/SharedVolume\/Projects\/tambitsoftware\/clients\/wall\/ti.superwall\/ios\/Classes\/TiSuperwallTambitsoftwareComModule.swift",
      "kind": "StringLiteral",
      "offset": 3185,
      "length": 10,
      "value": "\"products\""
    },
    {
      "filePath": "\/Volumes\/SharedVolume\/Projects\/tambitsoftware\/clients\/wall\/ti.superwall\/ios\/Classes\/TiSuperwallTambitsoftwareComModule.swift",
      "kind": "StringLiteral",
      "offset": 3959,
      "length": 11,
      "value": "\"eventName\""
    },
    {
      "filePath": "\/Volumes\/SharedVolume\/Projects\/tambitsoftware\/clients\/wall\/ti.superwall\/ios\/Classes\/TiSuperwallTambitsoftwareComModule.swift",
      "kind": "StringLiteral",
      "offset": 4008,
      "length": 11,
      "value": "\"onDismiss\""
    },
    {
      "filePath": "\/Volumes\/SharedVolume\/Projects\/tambitsoftware\/clients\/wall\/ti.superwall\/ios\/Classes\/TiSuperwallTambitsoftwareComModule.swift",
      "kind": "StringLiteral",
      "offset": 4064,
      "length": 11,
      "value": "\"onPresent\""
    },
    {
      "filePath": "\/Volumes\/SharedVolume\/Projects\/tambitsoftware\/clients\/wall\/ti.superwall\/ios\/Classes\/TiSuperwallTambitsoftwareComModule.swift",
      "kind": "StringLiteral",
      "offset": 4118,
      "length": 9,
      "value": "\"onError\""
    },
    {
      "filePath": "\/Volumes\/SharedVolume\/Projects\/tambitsoftware\/clients\/wall\/ti.superwall\/ios\/Classes\/TiSuperwallTambitsoftwareComModule.swift",
      "kind": "StringLiteral",
      "offset": 4169,
      "length": 8,
      "value": "\"onSkip\""
    },
    {
      "filePath": "\/Volumes\/SharedVolume\/Projects\/tambitsoftware\/clients\/wall\/ti.superwall\/ios\/Classes\/TiSuperwallTambitsoftwareComModule.swift",
      "kind": "StringLiteral",
      "offset": 4230,
      "length": 19,
      "value": "\"onFeatureLaunched\""
    },
    {
      "filePath": "\/Volumes\/SharedVolume\/Projects\/tambitsoftware\/clients\/wall\/ti.superwall\/ios\/Classes\/TiSuperwallTambitsoftwareComModule.swift",
      "kind": "Dictionary",
      "offset": 4306,
      "length": 3,
      "value": "[]"
    },
    {
      "filePath": "\/Volumes\/SharedVolume\/Projects\/tambitsoftware\/clients\/wall\/ti.superwall\/ios\/Classes\/TiSuperwallTambitsoftwareComModule.swift",
      "kind": "StringLiteral",
      "offset": 4586,
      "length": 19,
      "value": "\"Paywall onDismiss\""
    },
    {
      "filePath": "\/Volumes\/SharedVolume\/Projects\/tambitsoftware\/clients\/wall\/ti.superwall\/ios\/Classes\/TiSuperwallTambitsoftwareComModule.swift",
      "kind": "StringLiteral",
      "offset": 4623,
      "length": 9,
      "value": "\"message\""
    },
    {
      "filePath": "\/Volumes\/SharedVolume\/Projects\/tambitsoftware\/clients\/wall\/ti.superwall\/ios\/Classes\/TiSuperwallTambitsoftwareComModule.swift",
      "kind": "StringLiteral",
      "offset": 4651,
      "length": 23,
      "value": "\"The paywall dismissed\""
    },
    {
      "filePath": "\/Volumes\/SharedVolume\/Projects\/tambitsoftware\/clients\/wall\/ti.superwall\/ios\/Classes\/TiSuperwallTambitsoftwareComModule.swift",
      "kind": "StringLiteral",
      "offset": 4691,
      "length": 13,
      "value": "\"paywallInfo\""
    },
    {
      "filePath": "\/Volumes\/SharedVolume\/Projects\/tambitsoftware\/clients\/wall\/ti.superwall\/ios\/Classes\/TiSuperwallTambitsoftwareComModule.swift",
      "kind": "StringLiteral",
      "offset": 4769,
      "length": 53,
      "value": "\"message: \""
    },
    {
      "filePath": "\/Volumes\/SharedVolume\/Projects\/tambitsoftware\/clients\/wall\/ti.superwall\/ios\/Classes\/TiSuperwallTambitsoftwareComModule.swift",
      "kind": "StringLiteral",
      "offset": 4793,
      "length": 9,
      "value": "\"message\""
    },
    {
      "filePath": "\/Volumes\/SharedVolume\/Projects\/tambitsoftware\/clients\/wall\/ti.superwall\/ios\/Classes\/TiSuperwallTambitsoftwareComModule.swift",
      "kind": "StringLiteral",
      "offset": 4818,
      "length": 2,
      "value": "\"\""
    },
    {
      "filePath": "\/Volumes\/SharedVolume\/Projects\/tambitsoftware\/clients\/wall\/ti.superwall\/ios\/Classes\/TiSuperwallTambitsoftwareComModule.swift",
      "kind": "StringLiteral",
      "offset": 4821,
      "length": 2,
      "value": "\"\""
    },
    {
      "filePath": "\/Volumes\/SharedVolume\/Projects\/tambitsoftware\/clients\/wall\/ti.superwall\/ios\/Classes\/TiSuperwallTambitsoftwareComModule.swift",
      "kind": "StringLiteral",
      "offset": 4833,
      "length": 61,
      "value": "\"payWallInfo: \""
    },
    {
      "filePath": "\/Volumes\/SharedVolume\/Projects\/tambitsoftware\/clients\/wall\/ti.superwall\/ios\/Classes\/TiSuperwallTambitsoftwareComModule.swift",
      "kind": "StringLiteral",
      "offset": 4861,
      "length": 13,
      "value": "\"paywallInfo\""
    },
    {
      "filePath": "\/Volumes\/SharedVolume\/Projects\/tambitsoftware\/clients\/wall\/ti.superwall\/ios\/Classes\/TiSuperwallTambitsoftwareComModule.swift",
      "kind": "StringLiteral",
      "offset": 4890,
      "length": 2,
      "value": "\"\""
    },
    {
      "filePath": "\/Volumes\/SharedVolume\/Projects\/tambitsoftware\/clients\/wall\/ti.superwall\/ios\/Classes\/TiSuperwallTambitsoftwareComModule.swift",
      "kind": "StringLiteral",
      "offset": 4893,
      "length": 2,
      "value": "\"\""
    },
    {
      "filePath": "\/Volumes\/SharedVolume\/Projects\/tambitsoftware\/clients\/wall\/ti.superwall\/ios\/Classes\/TiSuperwallTambitsoftwareComModule.swift",
      "kind": "StringLiteral",
      "offset": 5010,
      "length": 19,
      "value": "\"Paywall onPresent\""
    },
    {
      "filePath": "\/Volumes\/SharedVolume\/Projects\/tambitsoftware\/clients\/wall\/ti.superwall\/ios\/Classes\/TiSuperwallTambitsoftwareComModule.swift",
      "kind": "StringLiteral",
      "offset": 5047,
      "length": 9,
      "value": "\"message\""
    },
    {
      "filePath": "\/Volumes\/SharedVolume\/Projects\/tambitsoftware\/clients\/wall\/ti.superwall\/ios\/Classes\/TiSuperwallTambitsoftwareComModule.swift",
      "kind": "StringLiteral",
      "offset": 5075,
      "length": 23,
      "value": "\"The paywall presented\""
    },
    {
      "filePath": "\/Volumes\/SharedVolume\/Projects\/tambitsoftware\/clients\/wall\/ti.superwall\/ios\/Classes\/TiSuperwallTambitsoftwareComModule.swift",
      "kind": "StringLiteral",
      "offset": 5115,
      "length": 13,
      "value": "\"paywallInfo\""
    },
    {
      "filePath": "\/Volumes\/SharedVolume\/Projects\/tambitsoftware\/clients\/wall\/ti.superwall\/ios\/Classes\/TiSuperwallTambitsoftwareComModule.swift",
      "kind": "StringLiteral",
      "offset": 5193,
      "length": 53,
      "value": "\"message: \""
    },
    {
      "filePath": "\/Volumes\/SharedVolume\/Projects\/tambitsoftware\/clients\/wall\/ti.superwall\/ios\/Classes\/TiSuperwallTambitsoftwareComModule.swift",
      "kind": "StringLiteral",
      "offset": 5217,
      "length": 9,
      "value": "\"message\""
    },
    {
      "filePath": "\/Volumes\/SharedVolume\/Projects\/tambitsoftware\/clients\/wall\/ti.superwall\/ios\/Classes\/TiSuperwallTambitsoftwareComModule.swift",
      "kind": "StringLiteral",
      "offset": 5242,
      "length": 2,
      "value": "\"\""
    },
    {
      "filePath": "\/Volumes\/SharedVolume\/Projects\/tambitsoftware\/clients\/wall\/ti.superwall\/ios\/Classes\/TiSuperwallTambitsoftwareComModule.swift",
      "kind": "StringLiteral",
      "offset": 5245,
      "length": 2,
      "value": "\"\""
    },
    {
      "filePath": "\/Volumes\/SharedVolume\/Projects\/tambitsoftware\/clients\/wall\/ti.superwall\/ios\/Classes\/TiSuperwallTambitsoftwareComModule.swift",
      "kind": "StringLiteral",
      "offset": 5257,
      "length": 61,
      "value": "\"payWallInfo: \""
    },
    {
      "filePath": "\/Volumes\/SharedVolume\/Projects\/tambitsoftware\/clients\/wall\/ti.superwall\/ios\/Classes\/TiSuperwallTambitsoftwareComModule.swift",
      "kind": "StringLiteral",
      "offset": 5285,
      "length": 13,
      "value": "\"paywallInfo\""
    },
    {
      "filePath": "\/Volumes\/SharedVolume\/Projects\/tambitsoftware\/clients\/wall\/ti.superwall\/ios\/Classes\/TiSuperwallTambitsoftwareComModule.swift",
      "kind": "StringLiteral",
      "offset": 5314,
      "length": 2,
      "value": "\"\""
    },
    {
      "filePath": "\/Volumes\/SharedVolume\/Projects\/tambitsoftware\/clients\/wall\/ti.superwall\/ios\/Classes\/TiSuperwallTambitsoftwareComModule.swift",
      "kind": "StringLiteral",
      "offset": 5317,
      "length": 2,
      "value": "\"\""
    },
    {
      "filePath": "\/Volumes\/SharedVolume\/Projects\/tambitsoftware\/clients\/wall\/ti.superwall\/ios\/Classes\/TiSuperwallTambitsoftwareComModule.swift",
      "kind": "StringLiteral",
      "offset": 5426,
      "length": 17,
      "value": "\"Paywall onError\""
    },
    {
      "filePath": "\/Volumes\/SharedVolume\/Projects\/tambitsoftware\/clients\/wall\/ti.superwall\/ios\/Classes\/TiSuperwallTambitsoftwareComModule.swift",
      "kind": "StringLiteral",
      "offset": 5461,
      "length": 9,
      "value": "\"message\""
    },
    {
      "filePath": "\/Volumes\/SharedVolume\/Projects\/tambitsoftware\/clients\/wall\/ti.superwall\/ios\/Classes\/TiSuperwallTambitsoftwareComModule.swift",
      "kind": "StringLiteral",
      "offset": 5489,
      "length": 53,
      "value": "\"The paywall presentation failed with error \""
    },
    {
      "filePath": "\/Volumes\/SharedVolume\/Projects\/tambitsoftware\/clients\/wall\/ti.superwall\/ios\/Classes\/TiSuperwallTambitsoftwareComModule.swift",
      "kind": "StringLiteral",
      "offset": 5541,
      "length": 2,
      "value": "\"\""
    },
    {
      "filePath": "\/Volumes\/SharedVolume\/Projects\/tambitsoftware\/clients\/wall\/ti.superwall\/ios\/Classes\/TiSuperwallTambitsoftwareComModule.swift",
      "kind": "StringLiteral",
      "offset": 5565,
      "length": 9,
      "value": "\"message\""
    },
    {
      "filePath": "\/Volumes\/SharedVolume\/Projects\/tambitsoftware\/clients\/wall\/ti.superwall\/ios\/Classes\/TiSuperwallTambitsoftwareComModule.swift",
      "kind": "StringLiteral",
      "offset": 5590,
      "length": 2,
      "value": "\"\""
    },
    {
      "filePath": "\/Volumes\/SharedVolume\/Projects\/tambitsoftware\/clients\/wall\/ti.superwall\/ios\/Classes\/TiSuperwallTambitsoftwareComModule.swift",
      "kind": "StringLiteral",
      "offset": 5698,
      "length": 16,
      "value": "\"Paywall onSkip\""
    },
    {
      "filePath": "\/Volumes\/SharedVolume\/Projects\/tambitsoftware\/clients\/wall\/ti.superwall\/ios\/Classes\/TiSuperwallTambitsoftwareComModule.swift",
      "kind": "StringLiteral",
      "offset": 5779,
      "length": 8,
      "value": "\"reason\""
    },
    {
      "filePath": "\/Volumes\/SharedVolume\/Projects\/tambitsoftware\/clients\/wall\/ti.superwall\/ios\/Classes\/TiSuperwallTambitsoftwareComModule.swift",
      "kind": "StringLiteral",
      "offset": 5791,
      "length": 18,
      "value": "\"userIsSubscribed\""
    },
    {
      "filePath": "\/Volumes\/SharedVolume\/Projects\/tambitsoftware\/clients\/wall\/ti.superwall\/ios\/Classes\/TiSuperwallTambitsoftwareComModule.swift",
      "kind": "StringLiteral",
      "offset": 5826,
      "length": 9,
      "value": "\"message\""
    },
    {
      "filePath": "\/Volumes\/SharedVolume\/Projects\/tambitsoftware\/clients\/wall\/ti.superwall\/ios\/Classes\/TiSuperwallTambitsoftwareComModule.swift",
      "kind": "StringLiteral",
      "offset": 5854,
      "length": 47,
      "value": "\"Paywall not shown because user is subscribed.\""
    },
    {
      "filePath": "\/Volumes\/SharedVolume\/Projects\/tambitsoftware\/clients\/wall\/ti.superwall\/ios\/Classes\/TiSuperwallTambitsoftwareComModule.swift",
      "kind": "StringLiteral",
      "offset": 5953,
      "length": 8,
      "value": "\"reason\""
    },
    {
      "filePath": "\/Volumes\/SharedVolume\/Projects\/tambitsoftware\/clients\/wall\/ti.superwall\/ios\/Classes\/TiSuperwallTambitsoftwareComModule.swift",
      "kind": "StringLiteral",
      "offset": 5965,
      "length": 9,
      "value": "\"holdout\""
    },
    {
      "filePath": "\/Volumes\/SharedVolume\/Projects\/tambitsoftware\/clients\/wall\/ti.superwall\/ios\/Classes\/TiSuperwallTambitsoftwareComModule.swift",
      "kind": "StringLiteral",
      "offset": 5991,
      "length": 9,
      "value": "\"message\""
    },
    {
      "filePath": "\/Volumes\/SharedVolume\/Projects\/tambitsoftware\/clients\/wall\/ti.superwall\/ios\/Classes\/TiSuperwallTambitsoftwareComModule.swift",
      "kind": "StringLiteral",
      "offset": 6019,
      "length": 86,
      "value": "\"Paywall not shown because user is in a holdout group in Experiment: \""
    },
    {
      "filePath": "\/Volumes\/SharedVolume\/Projects\/tambitsoftware\/clients\/wall\/ti.superwall\/ios\/Classes\/TiSuperwallTambitsoftwareComModule.swift",
      "kind": "StringLiteral",
      "offset": 6104,
      "length": 2,
      "value": "\"\""
    },
    {
      "filePath": "\/Volumes\/SharedVolume\/Projects\/tambitsoftware\/clients\/wall\/ti.superwall\/ios\/Classes\/TiSuperwallTambitsoftwareComModule.swift",
      "kind": "StringLiteral",
      "offset": 6123,
      "length": 12,
      "value": "\"experiment\""
    },
    {
      "filePath": "\/Volumes\/SharedVolume\/Projects\/tambitsoftware\/clients\/wall\/ti.superwall\/ios\/Classes\/TiSuperwallTambitsoftwareComModule.swift",
      "kind": "StringLiteral",
      "offset": 6140,
      "length": 4,
      "value": "\"id\""
    },
    {
      "filePath": "\/Volumes\/SharedVolume\/Projects\/tambitsoftware\/clients\/wall\/ti.superwall\/ios\/Classes\/TiSuperwallTambitsoftwareComModule.swift",
      "kind": "StringLiteral",
      "offset": 6160,
      "length": 9,
      "value": "\"groupid\""
    },
    {
      "filePath": "\/Volumes\/SharedVolume\/Projects\/tambitsoftware\/clients\/wall\/ti.superwall\/ios\/Classes\/TiSuperwallTambitsoftwareComModule.swift",
      "kind": "StringLiteral",
      "offset": 6191,
      "length": 13,
      "value": "\"description\""
    },
    {
      "filePath": "\/Volumes\/SharedVolume\/Projects\/tambitsoftware\/clients\/wall\/ti.superwall\/ios\/Classes\/TiSuperwallTambitsoftwareComModule.swift",
      "kind": "StringLiteral",
      "offset": 6268,
      "length": 8,
      "value": "\"reason\""
    },
    {
      "filePath": "\/Volumes\/SharedVolume\/Projects\/tambitsoftware\/clients\/wall\/ti.superwall\/ios\/Classes\/TiSuperwallTambitsoftwareComModule.swift",
      "kind": "StringLiteral",
      "offset": 6280,
      "length": 13,
      "value": "\"noRuleMatch\""
    },
    {
      "filePath": "\/Volumes\/SharedVolume\/Projects\/tambitsoftware\/clients\/wall\/ti.superwall\/ios\/Classes\/TiSuperwallTambitsoftwareComModule.swift",
      "kind": "StringLiteral",
      "offset": 6310,
      "length": 9,
      "value": "\"message\""
    },
    {
      "filePath": "\/Volumes\/SharedVolume\/Projects\/tambitsoftware\/clients\/wall\/ti.superwall\/ios\/Classes\/TiSuperwallTambitsoftwareComModule.swift",
      "kind": "StringLiteral",
      "offset": 6338,
      "length": 57,
      "value": "\"Paywall not shown because user doesn't match any rules.\""
    },
    {
      "filePath": "\/Volumes\/SharedVolume\/Projects\/tambitsoftware\/clients\/wall\/ti.superwall\/ios\/Classes\/TiSuperwallTambitsoftwareComModule.swift",
      "kind": "StringLiteral",
      "offset": 6437,
      "length": 8,
      "value": "\"reason\""
    },
    {
      "filePath": "\/Volumes\/SharedVolume\/Projects\/tambitsoftware\/clients\/wall\/ti.superwall\/ios\/Classes\/TiSuperwallTambitsoftwareComModule.swift",
      "kind": "StringLiteral",
      "offset": 6449,
      "length": 15,
      "value": "\"eventNotFound\""
    },
    {
      "filePath": "\/Volumes\/SharedVolume\/Projects\/tambitsoftware\/clients\/wall\/ti.superwall\/ios\/Classes\/TiSuperwallTambitsoftwareComModule.swift",
      "kind": "StringLiteral",
      "offset": 6481,
      "length": 9,
      "value": "\"message\""
    },
    {
      "filePath": "\/Volumes\/SharedVolume\/Projects\/tambitsoftware\/clients\/wall\/ti.superwall\/ios\/Classes\/TiSuperwallTambitsoftwareComModule.swift",
      "kind": "StringLiteral",
      "offset": 6509,
      "length": 64,
      "value": "\"Paywall not shown because this event isn't part of a campaign.\""
    },
    {
      "filePath": "\/Volumes\/SharedVolume\/Projects\/tambitsoftware\/clients\/wall\/ti.superwall\/ios\/Classes\/TiSuperwallTambitsoftwareComModule.swift",
      "kind": "Dictionary",
      "offset": 7079,
      "length": 3,
      "value": "[]"
    },
    {
      "filePath": "\/Volumes\/SharedVolume\/Projects\/tambitsoftware\/clients\/wall\/ti.superwall\/ios\/Classes\/TiSuperwallTambitsoftwareComModule.swift",
      "kind": "StringLiteral",
      "offset": 7305,
      "length": 9,
      "value": "\"message\""
    },
    {
      "filePath": "\/Volumes\/SharedVolume\/Projects\/tambitsoftware\/clients\/wall\/ti.superwall\/ios\/Classes\/TiSuperwallTambitsoftwareComModule.swift",
      "kind": "StringLiteral",
      "offset": 7333,
      "length": 48,
      "value": "\"Feature launched for event named: \""
    },
    {
      "filePath": "\/Volumes\/SharedVolume\/Projects\/tambitsoftware\/clients\/wall\/ti.superwall\/ios\/Classes\/TiSuperwallTambitsoftwareComModule.swift",
      "kind": "StringLiteral",
      "offset": 7380,
      "length": 2,
      "value": "\"\""
    },
    {
      "filePath": "\/Volumes\/SharedVolume\/Projects\/tambitsoftware\/clients\/wall\/ti.superwall\/ios\/Classes\/TiSuperwallTambitsoftwareComModule.swift",
      "kind": "StringLiteral",
      "offset": 7406,
      "length": 11,
      "value": "\"eventName\""
    },
    {
      "filePath": "\/Volumes\/SharedVolume\/Projects\/tambitsoftware\/clients\/wall\/ti.superwall\/ios\/Classes\/TiSuperwallTambitsoftwareComModule.swift",
      "kind": "StringLiteral",
      "offset": 7428,
      "length": 14,
      "value": "\"\""
    },
    {
      "filePath": "\/Volumes\/SharedVolume\/Projects\/tambitsoftware\/clients\/wall\/ti.superwall\/ios\/Classes\/TiSuperwallTambitsoftwareComModule.swift",
      "kind": "StringLiteral",
      "offset": 7441,
      "length": 2,
      "value": "\"\""
    },
    {
      "filePath": "\/Volumes\/SharedVolume\/Projects\/tambitsoftware\/clients\/wall\/ti.superwall\/ios\/Classes\/TiSuperwallTambitsoftwareComModule.swift",
      "kind": "StringLiteral",
      "offset": 7473,
      "length": 9,
      "value": "\"message\""
    },
    {
      "filePath": "\/Volumes\/SharedVolume\/Projects\/tambitsoftware\/clients\/wall\/ti.superwall\/ios\/Classes\/TiSuperwallTambitsoftwareComModule.swift",
      "kind": "StringLiteral",
      "offset": 7498,
      "length": 2,
      "value": "\"\""
    },
    {
      "filePath": "\/Volumes\/SharedVolume\/Projects\/tambitsoftware\/clients\/wall\/ti.superwall\/ios\/Classes\/TiSuperwallTambitsoftwareComModule.swift",
      "kind": "StringLiteral",
      "offset": 7755,
      "length": 10,
      "value": "\"callback\""
    },
    {
      "filePath": "\/Volumes\/SharedVolume\/Projects\/tambitsoftware\/clients\/wall\/ti.superwall\/ios\/Classes\/TiSuperwallTambitsoftwareComModule.swift",
      "kind": "Dictionary",
      "offset": 8027,
      "length": 3,
      "value": "[]"
    },
    {
      "filePath": "\/Volumes\/SharedVolume\/Projects\/tambitsoftware\/clients\/wall\/ti.superwall\/ios\/Classes\/TiSuperwallTambitsoftwareComModule.swift",
      "kind": "StringLiteral",
      "offset": 8098,
      "length": 8,
      "value": "\"status\""
    },
    {
      "filePath": "\/Volumes\/SharedVolume\/Projects\/tambitsoftware\/clients\/wall\/ti.superwall\/ios\/Classes\/TiSuperwallTambitsoftwareComModule.swift",
      "kind": "StringLiteral",
      "offset": 8110,
      "length": 9,
      "value": "\"unknown\""
    },
    {
      "filePath": "\/Volumes\/SharedVolume\/Projects\/tambitsoftware\/clients\/wall\/ti.superwall\/ios\/Classes\/TiSuperwallTambitsoftwareComModule.swift",
      "kind": "StringLiteral",
      "offset": 8148,
      "length": 9,
      "value": "\"message\""
    },
    {
      "filePath": "\/Volumes\/SharedVolume\/Projects\/tambitsoftware\/clients\/wall\/ti.superwall\/ios\/Classes\/TiSuperwallTambitsoftwareComModule.swift",
      "kind": "StringLiteral",
      "offset": 8161,
      "length": 34,
      "value": "\"Loading subscription status (1).\""
    },
    {
      "filePath": "\/Volumes\/SharedVolume\/Projects\/tambitsoftware\/clients\/wall\/ti.superwall\/ios\/Classes\/TiSuperwallTambitsoftwareComModule.swift",
      "kind": "StringLiteral",
      "offset": 8230,
      "length": 9,
      "value": "\"message\""
    },
    {
      "filePath": "\/Volumes\/SharedVolume\/Projects\/tambitsoftware\/clients\/wall\/ti.superwall\/ios\/Classes\/TiSuperwallTambitsoftwareComModule.swift",
      "kind": "StringLiteral",
      "offset": 8255,
      "length": 2,
      "value": "\"\""
    },
    {
      "filePath": "\/Volumes\/SharedVolume\/Projects\/tambitsoftware\/clients\/wall\/ti.superwall\/ios\/Classes\/TiSuperwallTambitsoftwareComModule.swift",
      "kind": "StringLiteral",
      "offset": 8305,
      "length": 8,
      "value": "\"status\""
    },
    {
      "filePath": "\/Volumes\/SharedVolume\/Projects\/tambitsoftware\/clients\/wall\/ti.superwall\/ios\/Classes\/TiSuperwallTambitsoftwareComModule.swift",
      "kind": "StringLiteral",
      "offset": 8317,
      "length": 8,
      "value": "\"active\""
    },
    {
      "filePath": "\/Volumes\/SharedVolume\/Projects\/tambitsoftware\/clients\/wall\/ti.superwall\/ios\/Classes\/TiSuperwallTambitsoftwareComModule.swift",
      "kind": "StringLiteral",
      "offset": 8354,
      "length": 9,
      "value": "\"message\""
    },
    {
      "filePath": "\/Volumes\/SharedVolume\/Projects\/tambitsoftware\/clients\/wall\/ti.superwall\/ios\/Classes\/TiSuperwallTambitsoftwareComModule.swift",
      "kind": "StringLiteral",
      "offset": 8367,
      "length": 24,
      "value": "\"Subscription is active\""
    },
    {
      "filePath": "\/Volumes\/SharedVolume\/Projects\/tambitsoftware\/clients\/wall\/ti.superwall\/ios\/Classes\/TiSuperwallTambitsoftwareComModule.swift",
      "kind": "StringLiteral",
      "offset": 8426,
      "length": 9,
      "value": "\"message\""
    },
    {
      "filePath": "\/Volumes\/SharedVolume\/Projects\/tambitsoftware\/clients\/wall\/ti.superwall\/ios\/Classes\/TiSuperwallTambitsoftwareComModule.swift",
      "kind": "StringLiteral",
      "offset": 8451,
      "length": 2,
      "value": "\"\""
    },
    {
      "filePath": "\/Volumes\/SharedVolume\/Projects\/tambitsoftware\/clients\/wall\/ti.superwall\/ios\/Classes\/TiSuperwallTambitsoftwareComModule.swift",
      "kind": "StringLiteral",
      "offset": 8503,
      "length": 8,
      "value": "\"status\""
    },
    {
      "filePath": "\/Volumes\/SharedVolume\/Projects\/tambitsoftware\/clients\/wall\/ti.superwall\/ios\/Classes\/TiSuperwallTambitsoftwareComModule.swift",
      "kind": "StringLiteral",
      "offset": 8515,
      "length": 10,
      "value": "\"inactive\""
    },
    {
      "filePath": "\/Volumes\/SharedVolume\/Projects\/tambitsoftware\/clients\/wall\/ti.superwall\/ios\/Classes\/TiSuperwallTambitsoftwareComModule.swift",
      "kind": "StringLiteral",
      "offset": 8554,
      "length": 9,
      "value": "\"message\""
    },
    {
      "filePath": "\/Volumes\/SharedVolume\/Projects\/tambitsoftware\/clients\/wall\/ti.superwall\/ios\/Classes\/TiSuperwallTambitsoftwareComModule.swift",
      "kind": "StringLiteral",
      "offset": 8567,
      "length": 91,
      "value": "\"You do not have an active subscription so the paywall will show when clicking the button.\""
    },
    {
      "filePath": "\/Volumes\/SharedVolume\/Projects\/tambitsoftware\/clients\/wall\/ti.superwall\/ios\/Classes\/TiSuperwallTambitsoftwareComModule.swift",
      "kind": "StringLiteral",
      "offset": 8693,
      "length": 9,
      "value": "\"message\""
    },
    {
      "filePath": "\/Volumes\/SharedVolume\/Projects\/tambitsoftware\/clients\/wall\/ti.superwall\/ios\/Classes\/TiSuperwallTambitsoftwareComModule.swift",
      "kind": "StringLiteral",
      "offset": 8718,
      "length": 2,
      "value": "\"\""
    },
    {
      "filePath": "\/Volumes\/SharedVolume\/Projects\/tambitsoftware\/clients\/wall\/ti.superwall\/ios\/Classes\/TiSuperwallTambitsoftwareComModule.swift",
      "kind": "StringLiteral",
      "offset": 8772,
      "length": 8,
      "value": "\"status\""
    },
    {
      "filePath": "\/Volumes\/SharedVolume\/Projects\/tambitsoftware\/clients\/wall\/ti.superwall\/ios\/Classes\/TiSuperwallTambitsoftwareComModule.swift",
      "kind": "StringLiteral",
      "offset": 8784,
      "length": 9,
      "value": "\"unknown\""
    },
    {
      "filePath": "\/Volumes\/SharedVolume\/Projects\/tambitsoftware\/clients\/wall\/ti.superwall\/ios\/Classes\/TiSuperwallTambitsoftwareComModule.swift",
      "kind": "StringLiteral",
      "offset": 8822,
      "length": 9,
      "value": "\"message\""
    },
    {
      "filePath": "\/Volumes\/SharedVolume\/Projects\/tambitsoftware\/clients\/wall\/ti.superwall\/ios\/Classes\/TiSuperwallTambitsoftwareComModule.swift",
      "kind": "StringLiteral",
      "offset": 8835,
      "length": 34,
      "value": "\"Loading subscription status (2).\""
    },
    {
      "filePath": "\/Volumes\/SharedVolume\/Projects\/tambitsoftware\/clients\/wall\/ti.superwall\/ios\/Classes\/TiSuperwallTambitsoftwareComModule.swift",
      "kind": "StringLiteral",
      "offset": 8904,
      "length": 9,
      "value": "\"message\""
    },
    {
      "filePath": "\/Volumes\/SharedVolume\/Projects\/tambitsoftware\/clients\/wall\/ti.superwall\/ios\/Classes\/TiSuperwallTambitsoftwareComModule.swift",
      "kind": "StringLiteral",
      "offset": 8929,
      "length": 2,
      "value": "\"\""
    },
    {
      "filePath": "\/Volumes\/SharedVolume\/Projects\/tambitsoftware\/clients\/wall\/ti.superwall\/ios\/Classes\/TiSuperwallTambitsoftwareComModule.swift",
      "kind": "StringLiteral",
      "offset": 9086,
      "length": 20,
      "value": "\"superwallLogout...\""
    }
  ]
}